0x807110,Name,Description,ID,Menu Class,Standing Map Anims,Move Speed,Generic Mug,N/A,HP,Atk,Skl,Spd,Def,Res,Con,Mov,HP Cap,Atk Cap,Skl Cap,Spd Cap,Def Cap,Res Cap,Con Cap,Class Relative Power,HP Growth,Atk Growth,Skl Growth,Spd Growth,Def Growth,Res Growth,Luck Growth,HP Promo Gain,Atk Promo Gain,Skl Promo Gain,Spd Promo Gain,Def Promo Gain,Res Promo Gain,CharClassAbility,Sword,Lance,Axe,Bow,Staff,Anima,Light,Dark,Battle Anims,Move Costs,Rain Move Costs,Snow Move Costs,Avo Bonus,Def Bonus,Res Bonus,Class Type
None,0x0,0x0,0x0,0x0,0x0,0x0,0x0,0x0,0,0,0,0,0,0,0,0,0,0,0,0,0,0,0,0,0,0,0,0,0,0,0,37,0,0,65,0,0,0x1000002,nope,nope,nope,nope,nope,nope,nope,nope,0x1f,0x0,0x231e143c,0x190f0f,0x0,0x0,0x0,0x0
Laurence Lord,NameLord,DescLaurence,0x1,0x3,0x0,0x0,0x8b,0x1,20,5,5,5,2,0,8,6,80,20,20,20,20,20,25,3,0,0,0,0,0,0,0,0,0,0,0,0,0,UnlockEphraim|IsLord,nope,nope,nope,ERank,nope,nope,nope,nope,0x88aefd8,0x880b808,0x880bc59,0x880c069,GroundAvo,GroundDef,GroundRes,0x0
Lillian Lord,NameLord,DescLillian,0x2,0x4,0x1,0x0,0x8b,0x1,20,5,5,5,2,0,8,6,80,20,20,20,20,20,25,3,0,0,0,0,0,0,0,0,0,0,0,0,0,IsLord|SwordmasterUnlock|UnlockEirika,ERank,nope,nope,nope,nope,nope,nope,nope,0x88aefe4,0x880b808,0x880bc59,0x880c069,GroundAvo,GroundDef,GroundRes,SwordType
Ephraim Master Lord,0x2c0,DescLaurenceP,0x3,0x1,0x2,0x0,0x8b,0x2,1,0,0,0,0,0,0,0,80,25,25,25,25,25,25,3,0,0,0,0,0,0,0,4,2,3,2,2,5,IsPromoted|UnlockEphraim|IsLord|MountedAid|HasCanto|HorseIcon,nope,nope,nope,ERank,nope,nope,nope,nope,0x88aeff0,0x880bad3,0x880bf24,0x880c334,GroundAvo,GroundDef,GroundRes,HorseType
Eirika Master Lord,0x2c0,DescLillianP,0x4,0x2,0x3,0x0,0x8b,0x2,1,0,0,0,0,0,0,0,80,25,25,25,25,25,25,3,0,0,0,0,0,0,0,4,2,2,1,3,5,IsPromoted|UnlockEirika|IsLord|MountedAid|HasCanto|HorseIcon|SwordmasterUnlock,CRank,nope,nope,nope,nope,nope,nope,nope,0x88aeffc,0x880bad3,0x880bf24,0x880c334,GroundAvo,GroundDef,GroundRes,HorseType|SwordType
Cavalier,NameCav,DescCav,0x5,0x7,0x4,0x0,0x80,0x20,21,5,4,7,6,1,9,8,80,20,20,20,20,20,25,3,75,32,25,35,27,20,30,0,0,0,0,0,0,MountedAid|HasCanto|HorseIcon,ERank,ERank,nope,nope,nope,nope,nope,nope,0x88af008,CavTerrain,0x880bee3,0x880c2f3,GroundAvo,GroundDef,GroundRes,HorseType
Cavalier (F),NameCav,DescCav,0x6,0x8,0x4,0x0,0x80,0x20,21,5,4,7,6,1,9,8,80,20,20,20,20,20,25,3,75,32,25,35,27,20,30,1,0,2,2,0,2,MountedAid|HasCanto|HorseIcon,ERank,ERank,nope,nope,nope,nope,nope,nope,0x88af018,CavTerrain,0x880bee3,0x880c2f3,GroundAvo,GroundDef,GroundRes,HorseType
Paladin,NamePaladin,DescPaladin,0x7,0x5,0x5,0x0,0x81,0x21,24,7,7,9,8,4,10,8,80,24,26,28,25,25,25,3,60,22,22,27,22,17,30,2,1,1,1,2,1,MountedAid|HasCanto|HorseIcon|IsPromoted,DRank,DRank,nope,nope,nope,nope,nope,nope,0x88af028,0x880bad3,0x880bf24,0x880c334,GroundAvo,GroundDef,GroundRes,HorseType
Paladin (F),NamePaladin,DescPaladin,0x8,0x6,0x5,0x0,0x81,0x21,24,7,7,9,8,4,10,8,80,24,26,28,25,25,25,3,60,22,22,27,22,17,30,1,1,1,2,1,2,MountedAid|HasCanto|HorseIcon|IsPromoted,DRank,DRank,nope,nope,nope,nope,nope,nope,0x88af038,0x880bad3,0x880bf24,0x880c334,GroundAvo,GroundDef,GroundRes,HorseType
Armour Knight,NameKnight,DescKnight,0x9,0xb,0x6,0x1,0x76,0xc,22,5,4,0,10,0,13,5,80,20,20,20,20,20,25,3,80,40,32,17,35,15,25,0,0,0,0,0,0,0x0,nope,ERank,ERank,nope,nope,nope,nope,nope,0x88af048,0x880b88a,0x880bcdb,0x880c0eb,GroundAvo,GroundDef,GroundRes,ArmorType
Armour Knight (F),NameKnight,DescKnight,0xa,0xc,0x6,0x1,0x76,0xc,22,5,4,0,10,0,13,5,80,20,20,20,20,20,25,3,80,40,32,17,35,15,25,2,1,1,1,2,0,0x0,nope,ERank,ERank,nope,nope,nope,nope,nope,0x88af054,0x880b88a,0x880bcdb,0x880c0eb,GroundAvo,GroundDef,GroundRes,ArmorType
General,NameGeneral,DescGeneral,0xb,0x9,0x7,0x1,0x77,0xd,27,8,7,3,13,3,15,5,80,29,26,23,30,22,25,3,65,30,30,22,30,20,25,4,2,2,3,2,3,IsPromoted,DRank,CRank,DRank,nope,nope,nope,nope,nope,0x88af060,0x880b88a,0x880bcdb,0x880c0eb,GroundAvo,GroundDef,GroundRes,ArmorType
General (F),NameGeneral,DescGeneral,0xc,0xa,0x7,0x1,0x77,0xd,27,8,7,3,13,3,15,5,80,29,26,23,30,22,25,3,65,30,30,22,30,20,25,3,2,3,2,3,3,IsPromoted,DRank,CRank,DRank,nope,nope,nope,nope,nope,0x88af080,0x880b88a,0x880bcdb,0x880c0eb,GroundAvo,GroundDef,GroundRes,ArmorType
Thief,NameThief,DescThief,0xd,0x17,0x8,0x0,0x8e,0x7,17,1,1,9,1,0,6,7,80,10,20,20,20,20,25,2,60,27,25,42,15,15,27,0,0,0,0,0,0,Steal|CanUseLockpick,ERank,nope,nope,nope,nope,nope,nope,nope,0x88af0a0,0x880b9cf,0x880be20,0x880c230,GroundAvo,GroundDef,GroundRes,SwordType
Manakete,0x2c2,0x323,0xe,0x1f,0x9,0x0,0x8f,0x1f,1,0,0,0,0,0,0,0,80,20,20,20,20,20,25,2,0,0,0,0,0,0,0,0,0,0,0,0,0,UseMonsterWeapons,nope,nope,nope,nope,nope,nope,nope,nope,0x88af0ac,0x880bb96,0x880bfe7,0x880c3f7,FlierAvo,FlierDef,FlierRes,DragonType
Axe Cav,NameAxeCav,DescAxeCav,0xf,0x11,0xa,0x0,0x90,0x3,22,5,6,4,7,0,11,8,80,20,20,20,20,20,25,3,80,37,35,27,30,17,27,0,0,0,0,0,0,0x0,ERank,nope,DRank,nope,nope,nope,nope,nope,0x88af0b8,CavTerrain,0x880bc9a,0x880c0aa,GroundAvo,GroundDef,GroundRes,SwordType
Axe Cav F,NameAxeCav,DescAxeCav,0x10,0x12,0xb,0x0,0x90,0x3,22,5,6,4,7,0,11,8,80,20,20,20,20,20,25,3,80,37,35,27,30,17,27,0,0,0,0,0,0,0x0,ERank,nope,DRank,nope,nope,nope,nope,nope,0x88af0c4,CavTerrain,0x880bc9a,0x880c0aa,GroundAvo,GroundDef,GroundRes,SwordType
Axe Paladin,NameGK,DescGK,0x11,0xf,0xc,0x0,0x91,0x4,26,8,8,6,9,2,12,8,80,28,26,24,28,22,25,3,65,30,30,22,25,12,27,4,1,2,2,2,2,IsPromoted,DRank,nope,DRank,nope,nope,nope,nope,nope,0x88af0d0,0x880b808,0x880bc59,0x880c069,GroundAvo,GroundDef,GroundRes,SwordType
Axe Paladin F,NameGK,DescGK,0x12,0x10,0xd,0x0,0x91,0x4,26,8,8,6,9,2,12,8,80,28,26,24,28,22,25,3,65,30,30,22,25,12,27,0,0,0,0,0,0,IsPromoted,DRank,nope,DRank,nope,nope,nope,nope,nope,0x88af0ec,0x880b808,0x880bc59,0x880c069,GroundAvo,GroundDef,GroundRes,SwordType
Myrmidon,NameMyrm,DescMyrm,0x13,0x15,0xe,0x0,0x72,0x5,19,4,7,9,5,0,7,6,80,20,20,20,20,20,25,3,67,30,45,45,25,12,32,0,0,0,0,0,0,SwordmasterUnlock,DRank,nope,nope,nope,nope,nope,nope,nope,0x88af108,0x880b849,0x880bc9a,0x880c0aa,GroundAvo,GroundDef,GroundRes,SwordType
Myrmidon (F),NameMyrm,DescMyrm,0x14,0x16,0xf,0x0,0x72,0x5,19,4,7,9,5,0,7,6,80,20,20,20,20,20,25,3,67,30,45,45,25,12,32,0,0,0,0,0,0,SwordmasterUnlock,DRank,nope,nope,nope,nope,nope,nope,nope,0x88af114,0x880b849,0x880bc9a,0x880c0aa,GroundAvo,GroundDef,GroundRes,SwordType
Swordmaster,NameSM,DescSM,0x15,0x13,0x10,0x0,0x73,0x6,22,7,11,12,6,2,9,7,80,25,30,30,24,21,25,3,50,20,32,32,17,10,30,5,2,0,0,2,1,SwordmasterUnlock|IsPromoted,CRank,nope,nope,nope,nope,nope,nope,nope,0x88af120,0x880b808,0x880bc59,0x880c069,GroundAvo,GroundDef,GroundRes,SwordType
Swordmaster (F),NameSM,DescSM,0x16,0x14,0x11,0x0,0x73,0x6,22,7,11,12,6,2,9,7,80,25,30,30,24,21,25,3,50,20,32,32,17,10,30,4,2,1,0,2,1,SwordmasterUnlock|IsPromoted,CRank,nope,nope,nope,nope,nope,nope,nope,0x88af12c,0x880b808,0x880bc59,0x880c069,GroundAvo,GroundDef,GroundRes,SwordType
Assassin,NameAssassin,DescAssassin,0x17,0xd,0x12,0x0,0x8e,0x8,20,5,8,11,2,2,8,7,80,15,30,30,22,22,25,3,50,20,32,32,15,15,25,3,1,0,0,2,2,CanUseLockpick|IsPromoted|SwordmasterUnlock,DRank,nope,nope,nope,nope,nope,nope,nope,0x88af138,0x880b9cf,0x880be20,0x880c230,GroundAvo,GroundDef,GroundRes,SwordType
Assassin (F),NameAssassin,DescAssassin,0x18,0xd,0x13,0x0,0x8e,0x8,20,5,8,11,2,2,8,7,80,15,30,30,22,22,25,3,50,20,32,32,15,15,25,2,1,1,1,2,1,CanUseLockpick|IsPromoted|SwordmasterUnlock,DRank,nope,nope,nope,nope,nope,nope,nope,0x88af144,0x880b9cf,0x880be20,0x880c230,GroundAvo,GroundDef,GroundRes,SwordType
Archer,NameArcher,DescArcher,0x19,0x1b,0x14,0x0,0x78,0xa,19,3,5,5,3,0,6,5,80,20,20,20,20,20,25,2,65,35,37,35,20,20,30,0,0,0,0,0,0,UseBallista,nope,nope,nope,ERank,nope,nope,nope,nope,0x88af150,0x880b849,0x880bc9a,0x880c0aa,GroundAvo,GroundDef,GroundRes,0x0
Archer (F),NameArcher,DescArcher,0x1a,0x1c,0x15,0x0,0x78,0xa,19,3,5,5,3,0,6,5,80,20,20,20,20,20,25,2,65,35,37,35,20,20,30,0,0,0,0,0,0,UseBallista,nope,nope,nope,ERank,nope,nope,nope,nope,0x88af168,0x880b849,0x880bc9a,0x880c0aa,GroundAvo,GroundDef,GroundRes,0x0
Sniper,NameSniper,DescSniper,0x1b,0x19,0x16,0x0,0x79,0xb,23,7,9,9,5,2,8,7,80,26,30,28,25,23,25,3,55,22,30,27,17,17,30,3,1,2,2,2,3,IsPromoted|UseBallista,nope,nope,nope,CRank,nope,nope,nope,nope,0x88af180,0x880b808,0x880bc59,0x880c069,GroundAvo,GroundDef,GroundRes,0x0
Sniper (F),NameSniper,DescSniper,0x1c,0x1a,0x17,0x0,0x79,0xb,23,7,9,9,5,2,8,7,80,26,30,28,25,23,25,3,55,20,30,27,17,17,30,4,3,1,1,2,2,IsPromoted|UseBallista,nope,nope,nope,CRank,nope,nope,nope,nope,0x88af198,0x880b808,0x880bc59,0x880c069,GroundAvo,GroundDef,GroundRes,0x0
Horseman,NameHorseman,DescHorseman,0x1d,0x3f,0x18,0x0,0x97,0xc,27,8,7,5,5,5,9,8,80,27,26,24,25,25,25,3,70,27,25,25,20,20,20,3,2,1,1,3,3,HorseIcon|IsPromoted|MountedAid|HasCanto,DRank,nope,nope,DRank,nope,nope,nope,nope,0x88af1b0,0x880bb55,0x880bfa6,0x880c3b6,GroundAvo,GroundDef,GroundRes,HorseType
Horseman F,NameHorseman,DescHorseman,0x1e,0x40,0x18,0x0,0x97,0xc,27,8,7,5,5,5,9,8,80,27,26,24,25,25,25,3,70,27,25,25,20,20,20,2,2,2,1,3,3,HorseIcon|IsPromoted|MountedAid|HasCanto,DRank,nope,nope,DRank,nope,nope,nope,nope,0x88af1c0,0x880bb55,0x880bfa6,0x880c3b6,GroundAvo,GroundDef,GroundRes,HorseType
Wyvern Rider,NameWyvern,DescWyvern,0x1f,0x21,0x19,0x0,0x88,0xd,22,6,5,5,8,0,10,8,80,20,20,20,20,15,25,3,80,42,35,30,32,7,30,0,0,0,0,0,0,MountedAid|HasCanto|DragonIcon,nope,ERank,nope,nope,nope,nope,nope,nope,0x88af1d0,0x880bb96,0x880bfe7,0x880c3f7,FlierAvo,FlierDef,FlierRes,DragonType|FlierType
Wyvern Rider (F),NameWyvern,DescWyvern,0x20,0x22,0x1a,0x0,0x88,0xd,22,6,5,5,8,0,10,8,80,20,20,20,20,15,25,3,80,42,35,30,32,7,30,0,0,0,0,0,0,MountedAid|HasCanto|DragonIcon,nope,ERank,nope,nope,nope,nope,nope,nope,0x88af1dc,0x880bb96,0x880bfe7,0x880c3f7,FlierAvo,FlierDef,FlierRes,DragonType|FlierType
Wyvern Lord,NameWLord,DescWLord,0x21,0x1f,0x1b,0x0,0x89,0xe,27,9,8,7,11,0,11,8,80,28,26,24,28,17,25,3,65,30,27,25,27,5,30,4,2,2,0,2,0,MountedAid|HasCanto|DragonIcon|IsPromoted,DRank,DRank,DRank,nope,nope,nope,nope,nope,0x88af1e8,0x880bb96,0x880bfe7,0x880c3f7,FlierAvo,FlierDef,FlierRes,DragonType|FlierType
Wyvern Lord (F),NameWLord,DescWLord,0x22,0x20,0x1c,0x0,0x89,0xe,27,9,8,7,11,0,11,8,80,28,26,24,28,17,25,3,65,30,27,25,27,5,30,0,0,0,0,0,0,MountedAid|HasCanto|DragonIcon|IsPromoted,DRank,DRank,DRank,nope,nope,nope,nope,nope,0x88af1f8,0x880bb96,0x880bfe7,0x880c3f7,FlierAvo,FlierDef,FlierRes,DragonType|FlierType
Priest M,NamePriest,DescPriest,0x23,0x1f,0x1d,0x0,0x93,0xf,18,2,3,4,0,6,5,5,80,20,20,20,20,20,25,2,60,35,32,35,12,35,45,3,1,2,3,0,1,0x0,nope,nope,nope,nope,ERank,nope,nope,nope,0x88af208,0x880bb96,0x880bfe7,0x880c3f7,FlierAvo,FlierDef,FlierRes,DragonType|FlierType
Priest F,NameCleric,DescCleric,0x24,0x20,0x1d,0x0,0x93,0xf,18,2,3,4,0,6,5,5,80,20,20,20,20,20,25,2,60,35,32,35,12,35,45,3,2,1,2,1,1,0x0,nope,nope,nope,nope,ERank,nope,nope,nope,0x88af214,0x880bb96,0x880bfe7,0x880c3f7,FlierAvo,FlierDef,FlierRes,DragonType|FlierType
Mage,NameMage,DescMage,0x25,0x27,0x1e,0x0,0x7c,0x12,17,3,3,5,1,3,4,5,80,20,20,20,20,20,25,3,55,35,32,32,15,25,32,1,0,1,2,1,2,0x0,nope,nope,nope,nope,nope,ERank,nope,nope,0x88af220,0x880ba10,0x880be61,0x880c271,GroundAvo,GroundDef,GroundRes,0x0
Mage (F),NameMage,DescMage,0x26,0x28,0x1f,0x0,0x7c,0x12,17,3,3,5,1,3,4,5,80,20,20,20,20,20,25,3,55,35,32,32,15,25,32,0,0,0,0,0,0,0x0,nope,nope,nope,nope,nope,ERank,nope,nope,0x88af234,0x880ba10,0x880be61,0x880c271,GroundAvo,GroundDef,GroundRes,0x0
Sage,NameSage,DescSage,0x27,0x25,0x20,0x0,0x7d,0x13,20,6,5,7,4,5,6,5,80,28,26,26,21,25,25,3,45,25,25,25,12,22,32,4,1,0,0,3,3,IsPromoted,nope,nope,nope,nope,DRank,DRank,nope,nope,0x88af248,0x880ba10,0x880be61,0x880c271,GroundAvo,GroundDef,GroundRes,0x0
Sage (F),NameSage,DescSage,0x28,0x26,0x21,0x0,0x7d,0x13,20,6,5,7,4,5,6,5,80,28,26,26,21,25,25,3,45,25,25,25,12,22,32,3,1,1,0,3,3,IsPromoted,nope,nope,nope,nope,DRank,DRank,nope,nope,0x88af260,0x880ba10,0x880be61,0x880c271,GroundAvo,GroundDef,GroundRes,0x0
Monk M,0x2d3,0x31f,0x29,0x25,0x22,0x0,0x95,0x14,1,0,0,0,0,0,0,0,80,24,26,25,24,25,25,3,0,0,0,0,0,0,0,4,2,0,0,2,2,HorseIcon|IsPromoted|MountedAid|HasCanto,nope,nope,nope,nope,nope,nope,nope,nope,0x88af278,0x880bad3,0x880bf24,0x880c334,GroundAvo,GroundDef,GroundRes,HorseType
Monk F?,0x2d3,0x31f,0x2a,0x26,0x23,0x0,0x95,0x14,1,0,0,0,0,0,0,0,80,25,24,25,24,28,25,3,0,0,0,0,0,0,0,3,2,1,0,2,2,HorseIcon|IsPromoted|MountedAid|HasCanto,nope,nope,nope,nope,nope,nope,nope,nope,0x88af290,0x880bad3,0x880bf24,0x880c334,GroundAvo,GroundDef,GroundRes,HorseType
Bishop,NameBishop,DescBishop,0x2b,0x23,0x24,0x0,0x7b,0x18,24,4,6,6,2,10,7,5,80,26,26,27,22,30,25,3,50,22,25,25,10,30,45,3,2,1,0,3,2,IsPromoted,nope,nope,nope,nope,CRank,nope,DRank,nope,0x88af2a8,0x880ba10,0x880be61,0x880c271,GroundAvo,GroundDef,GroundRes,0x0
Bishop (F),NameBishop,DescBishop,0x2c,0x24,0x25,0x0,0x7b,0x18,24,4,6,6,2,10,7,5,80,26,26,27,22,30,25,3,50,22,25,25,10,30,45,3,1,2,1,2,2,IsPromoted,nope,nope,nope,nope,CRank,nope,DRank,nope,0x88af2c0,0x880ba10,0x880be61,0x880c271,GroundAvo,GroundDef,GroundRes,0x0
Shaman,NameShaman,DescShaman,0x2d,0x2f,0x26,0x1,0x7e,0x1b,19,4,2,2,3,2,7,5,80,20,20,20,20,20,25,3,70,45,27,20,25,17,17,1,2,0,1,1,2,0x0,nope,nope,nope,nope,nope,nope,nope,DRank,0x88af2d8,0x880ba10,0x880be61,0x880c271,GroundAvo,GroundDef,GroundRes,0x0
Shaman (F),NameShaman,DescShaman,0x2e,0x30,0x26,0x1,0x7e,0x1b,19,4,2,2,3,2,7,5,80,20,20,20,20,20,25,3,70,45,27,20,25,17,17,0,0,0,0,0,0,0x0,nope,nope,nope,nope,nope,nope,nope,DRank,0x88af2ec,0x880ba10,0x880be61,0x880c271,GroundAvo,GroundDef,GroundRes,0x0
Druid,NameDruid,DescDruid,0x2f,0x2d,0x27,0x1,0x7f,0x1c,22,8,4,4,5,3,9,5,80,30,24,24,25,23,25,3,70,30,22,22,20,15,17,4,0,0,3,2,2,IsPromoted,nope,nope,nope,nope,ERank,nope,nope,CRank,0x88af300,0x880ba10,0x880be61,0x880c271,GroundAvo,GroundDef,GroundRes,0x0
Druid (F),NameDruid,DescDruid,0x30,0x2e,0x27,0x1,0x7f,0x1c,22,8,4,4,5,3,9,5,80,30,24,24,25,23,25,3,70,30,22,22,20,15,17,0,0,0,0,0,0,IsPromoted,nope,nope,nope,nope,ERank,nope,nope,CRank,0x88af318,0x880ba10,0x880be61,0x880c271,GroundAvo,GroundDef,GroundRes,0x0
Fighter,NameFighter,DescFighter,0x31,0x32,0x28,0x0,0x7f,0x1d,26,6,3,4,2,0,11,6,80,20,20,20,20,20,25,3,95,45,27,25,20,20,35,3,0,1,3,1,3,0x0,nope,nope,DRank,nope,nope,nope,nope,nope,0x88af330,0x880ba10,0x880be61,0x880c271,GroundAvo,GroundDef,GroundRes,0x0
Warrior,NameWarrior,DescWarrior,0x32,0x31,0x28,0x0,0x7f,0x1d,32,9,6,6,5,2,13,6,80,30,28,26,25,23,25,3,80,32,22,22,20,17,30,0,0,0,0,0,0,IsPromoted,nope,nope,DRank,DRank,nope,nope,nope,nope,0x88af348,0x880ba10,0x880be61,0x880c271,GroundAvo,GroundDef,GroundRes,0x0
Rogue,0x2db,0x326,0x33,0xd,0x29,0x0,0x94,0x9,1,0,0,0,0,0,0,0,80,20,30,30,20,20,25,3,0,0,0,0,0,0,0,2,1,1,0,2,2,IsPromoted|CanUseLockpick|Steal,ERank,nope,nope,nope,nope,nope,nope,nope,0x88af360,0x880b9cf,0x880be20,0x880c230,GroundAvo,GroundDef,GroundRes,SwordType
Gorgon Egg,0x300,0x34c,0x34,0x0,0x2a,0x0,0xa6,0x0,1,0,0,0,0,0,0,0,80,30,30,30,30,30,25,3,0,0,0,0,0,0,0,0,0,0,0,0,0,0x0,nope,nope,nope,nope,nope,nope,nope,nope,0x0,0x0,0x0,0x0,GroundAvo,GroundDef,GroundRes,MonsterType
Brigand,NameBrigand,DescBrigand,0x35,0x37,0x2b,0x1,0x96,0x22,24,5,1,1,2,0,12,5,80,20,20,20,20,20,25,2,92,42,20,22,22,15,17,3,2,1,2,2,1,0x0,nope,nope,ERank,nope,nope,nope,nope,nope,0x88af36c,0x880bad3,0x880bf24,0x880c334,GroundAvo,GroundDef,GroundRes,0x0
Pirate ,NamePirate,DescPirate,0x36,0x37,0x2b,0x1,0x96,0x22,23,5,5,6,2,2,11,6,80,20,20,20,20,20,25,3,90,32,30,35,22,25,25,3,1,1,2,2,2,0x0,nope,nope,ERank,nope,nope,nope,nope,nope,0x88af38c,0x880bad3,0x880bf24,0x880c334,GroundAvo,GroundDef,GroundRes,0x0
Berserker,NameBerserker,DescBerserker,0x37,0x36,0x2c,0x0,0x8a,0x28,29,8,8,8,3,4,13,7,80,29,25,29,22,24,25,3,75,27,25,27,15,15,15,2,1,1,1,2,1,IsPromoted,nope,nope,CRank,nope,nope,nope,nope,nope,0x88af3ac,0x880b849,0x880bc9a,0x880c0aa,GroundAvo,GroundDef,GroundRes,0x0
Journeyman (3),0x2d8,0x324,0x38,0x7e,0x2d,0x0,0x74,0x27,1,0,0,0,0,0,0,0,80,26,29,28,23,23,25,3,0,0,0,0,0,0,0,4,1,2,2,2,2,CritBoost|IsPromoted,nope,nope,CRank,nope,nope,nope,nope,nope,0x88af3b8,0x880b8cb,0x880bd1c,0x880c12c,GroundAvo,GroundDef,GroundRes,0x0
Pupil (3),0x2d9,0x325,0x39,0x7f,0x2e,0x0,0x7c,0x29,1,0,0,0,0,0,0,0,80,29,28,27,21,26,25,3,0,0,0,0,0,0,0,4,2,0,1,3,3,IsPromoted,nope,nope,nope,nope,nope,CRank,ERank,DRank,0x88af3d0,0x880ba10,0x880be61,0x880c271,GroundAvo,GroundDef,GroundRes,0x0
Recruit (3),0x2da,0x332,0x3a,0x37,0x2c,0x0,0x8a,0x28,1,0,0,0,0,0,0,0,80,23,30,29,22,26,25,3,0,0,0,0,0,0,0,2,2,1,1,2,1,IsPromoted|CritBoost,nope,CRank,nope,nope,nope,nope,nope,nope,0x88af3e4,0x880b849,0x880bc9a,0x880c0aa,GroundAvo,GroundDef,GroundRes,0x0
Manakete,0x2d7,0x323,0x3b,0x1f,0x2f,0x0,0xa9,0x1f,1,0,0,0,0,0,0,0,80,20,20,20,20,20,25,3,0,0,0,0,0,0,0,0,0,0,0,0,0,UseMonsterWeapons|IsPromoted,nope,nope,nope,nope,nope,nope,nope,nope,0x88af3f0,0x880bb96,0x880bfe7,0x880c3f7,FlierAvo,FlierDef,FlierRes,DragonType
Manakete (F),0x2d7,0x323,0x3c,0x20,0x30,0x0,0x8f,0x1f,1,0,0,0,0,0,0,0,80,20,20,20,20,20,25,2,0,0,0,0,0,0,0,0,0,0,0,0,0,UseMonsterWeapons,nope,nope,nope,nope,nope,nope,nope,nope,0x88af3fc,0x880bb96,0x880bfe7,0x880c3f7,FlierAvo,FlierDef,FlierRes,DragonType
Journeyman (1),0x2d8,0x324,0x3d,0x0,0x2d,0x0,0x74,0x27,1,0,0,0,0,0,0,0,80,20,20,20,20,20,25,1,0,0,0,0,0,0,0,0,0,0,0,0,0,TraineeLevelCap,nope,nope,ERank,nope,nope,nope,nope,nope,0x88af408,0x880b8cb,0x880bd1c,0x880c12c,GroundAvo,GroundDef,GroundRes,0x0
Pupil (1),0x2d9,0x325,0x3e,0x0,0x2e,0x0,0x7c,0x29,1,0,0,0,0,0,0,0,80,20,20,20,20,20,25,1,0,0,0,0,0,0,0,0,0,0,0,0,0,0x0,nope,nope,nope,nope,nope,ERank,nope,nope,0x88af420,0x880ba10,0x880be61,0x880c271,GroundAvo,GroundDef,GroundRes,0x0
Hunter,NameHunter,DescHunter,0x3f,0x40,0x31,0x0,0x74,0x23,23,6,4,3,2,2,8,6,80,20,20,20,20,20,25,3,85,40,35,27,20,22,30,2,2,1,0,0,1,0x0,nope,nope,nope,ERank,nope,nope,nope,nope,0x88af434,0x880b8cb,0x880bd1c,0x880c12c,GroundAvo,GroundDef,GroundRes,0x0
Hunter F,NameHunter,DescHunter,0x40,0x3f,0x32,0x0,0x75,0x25,23,6,4,3,2,2,8,6,80,20,20,20,20,20,25,3,85,40,35,27,20,22,30,3,1,2,0,3,3,0x0,nope,nope,nope,ERank,nope,nope,nope,nope,0x88af44c,0x880b8cb,0x880bd1c,0x880c12c,GroundAvo,GroundDef,GroundRes,0x0
Soldier,NameSoldier,DescSoldier,0x41,0x43,0x33,0x0,0x8b,0x0,23,4,4,4,4,0,7,5,80,20,20,20,20,20,25,2,80,35,32,32,25,20,27,2,1,1,0,1,1,0x0,nope,ERank,nope,nope,nope,nope,nope,nope,0x88af468,0x880b94d,0x880bd9e,0x880c1ae,GroundAvo,GroundDef,GroundRes,0x0
Soldier F,NameSoldier,DescSoldier,0x42,0x44,0x34,0x0,0x8c,0x24,23,4,4,4,4,0,7,5,80,20,20,20,20,20,25,2,80,35,32,32,25,20,27,2,2,0,1,1,0,0x0,nope,ERank,nope,nope,nope,nope,nope,nope,0x88af480,0x880b98e,0x880bddf,0x880c1ef,GroundAvo,GroundDef,GroundRes,0x0
Halb,NameHalb,DescHalb,0x43,0x41,0x35,0x0,0x8d,0x26,28,7,8,7,7,2,10,7,80,27,27,27,26,24,25,3,70,25,25,25,20,17,32,4,1,1,1,2,2,IsPromoted,nope,CRank,nope,nope,nope,nope,nope,nope,0x88af498,0x880b90c,0x880bd5d,0x880c16d,GroundAvo,GroundDef,GroundRes,0x0
Halb F,NameHalb,DescHalb,0x44,0x42,0x36,0x0,0x7a,0x17,28,7,8,7,7,2,10,7,80,27,27,27,26,24,25,3,70,25,25,25,20,17,32,0,0,0,0,0,0,IsPromoted,nope,CRank,nope,nope,nope,nope,nope,nope,0x88af4b0,0x880ba10,0x880be61,0x880c271,GroundAvo,GroundDef,GroundRes,0x0
not priest,0x2e6,0x330,0x45,0x27,0x37,0x0,0x7a,0x15,1,0,0,0,0,0,0,0,80,20,20,20,20,20,25,2,0,0,0,0,0,0,0,0,0,0,0,0,0,0x0,nope,nope,nope,nope,DRank,nope,nope,nope,0x88af4c4,0x880ba10,0x880be61,0x880c271,GroundAvo,GroundDef,GroundRes,0x0
Bard,0x2e5,0x331,0x46,0x0,0x38,0x0,0x8b,0x0,1,0,0,0,0,0,0,0,80,10,10,30,24,26,25,2,0,0,0,0,0,0,0,0,0,0,0,0,0,CanPlay,nope,nope,nope,nope,nope,nope,nope,nope,0x0,0x880b849,0x880bc9a,0x880c0aa,GroundAvo,GroundDef,GroundRes,0x0
Recruit (1),0x2da,0x332,0x47,0x0,0x2c,0x0,0x8a,0x28,1,0,0,0,0,0,0,0,80,20,20,20,20,20,25,1,0,0,0,0,0,0,0,0,0,0,0,0,0,TraineeLevelCap,nope,ERank,nope,nope,nope,nope,nope,nope,0x88af4d0,0x880b849,0x880bc9a,0x880c0aa,GroundAvo,GroundDef,GroundRes,0x0
Pegasus Knight,NamePeg,DescPeg,0x48,0x49,0x39,0x0,0x86,0x10,18,4,5,8,4,6,6,8,80,20,20,20,20,20,25,3,60,32,32,40,22,32,37,0,0,0,0,0,0,MountedAid|HasCanto|PegIcon,nope,ERank,nope,nope,nope,nope,nope,nope,0x88af4dc,0x880bb96,0x880bfe7,0x880c3f7,FlierAvo,FlierDef,FlierRes,FlierType
Falcon Knight,NameFalco,DescFalco,0x49,0x48,0x3a,0x0,0x87,0x11,22,6,9,11,6,9,7,9,80,23,25,29,23,29,25,3,47,25,25,27,15,25,37,5,2,0,2,2,2,MountedAid|HasCanto|PegIcon|IsPromoted,nope,DRank,nope,nope,nope,nope,nope,nope,0x88af4e8,0x880bb96,0x880bfe7,0x880c3f7,FlierAvo,FlierDef,FlierRes,FlierType
not cleric,0x2e9,0x335,0x4a,0x2c,0x3b,0x0,0x7a,0x16,1,0,0,0,0,0,0,0,80,20,20,20,20,20,25,2,0,0,0,0,0,0,0,0,0,0,0,0,0,0x0,nope,nope,nope,nope,ERank,nope,nope,nope,0x88af4f8,0x880ba10,0x880be61,0x880c271,GroundAvo,GroundDef,GroundRes,0x0
Troubadour,NameTroub,DescTroub,0x4b,0x4c,0x3c,0x0,0x82,0x19,17,2,4,6,4,4,5,8,80,20,20,20,20,20,25,2,60,32,30,37,20,30,37,0,0,0,0,0,0,MountedAid|HasCanto|HorseIcon,nope,nope,nope,nope,ERank,nope,nope,nope,0x88af504,CavTerrain,0x880bee3,0x880c2f3,GroundAvo,GroundDef,GroundRes,HorseType
Valkyrie,NameValk,DescValk,0x4c,0x4b,0x3d,0x0,0x83,0x1a,20,4,6,9,7,7,6,8,80,24,23,27,22,28,25,3,47,22,22,30,20,30,37,3,2,1,0,2,3,MountedAid|HasCanto|HorseIcon|IsPromoted,nope,nope,nope,nope,DRank,DRank,nope,nope,0x88af510,0x880bad3,0x880bf24,0x880c334,GroundAvo,GroundDef,GroundRes,HorseType
Dancer,0x2ec,0x338,0x4d,0x0,0x3e,0x0,0x8b,0x2a,1,0,0,0,0,0,0,0,80,10,10,30,24,26,25,2,0,0,0,0,0,0,0,0,0,0,0,0,0,CanDance,nope,nope,nope,nope,nope,nope,nope,nope,0x88af528,0x880b849,0x880bc9a,0x880c0aa,GroundAvo,GroundDef,GroundRes,0x0
nothing,0x2ed,0x339,0x4e,0x0,0x3f,0x0,0x8a,0x0,1,0,0,0,0,0,0,0,80,20,20,20,20,20,25,2,0,0,0,0,0,0,0,0,0,0,0,0,0,0x0,nope,ERank,nope,nope,nope,nope,nope,nope,0x88af53c,0x880b849,0x880bc9a,0x880c0aa,GroundAvo,GroundDef,GroundRes,0x0
Necromancer,0x2ef,0x33b,0x4f,0x2d,0x40,0x0,0x7f,0x2b,1,0,0,0,0,0,0,0,80,30,25,25,30,30,25,3,0,0,0,0,0,0,0,0,0,0,0,0,0,IsPromoted|Summoning,nope,nope,nope,nope,SRank,nope,nope,SRank,0x88af548,0x880ba10,0x880be61,0x880c271,GroundAvo,GroundDef,GroundRes,0x0
Fleet,0x2f0,0x33c,0x50,0x0,0x41,0x0,0x92,0x0,1,0,0,0,0,0,0,0,80,20,20,20,30,20,25,3,0,0,0,0,0,0,0,0,0,0,0,0,0,0x0,nope,nope,nope,CRank,nope,nope,nope,nope,0x0,0x880b98e,0x880bddf,0x880c1ef,GroundAvo,GroundDef,GroundRes,0x0
Phantom,0x2f1,0x33d,0x51,0x0,0x42,0x0,0x98,0x1e,1,0,0,0,0,0,0,0,80,20,20,20,0,0,25,3,0,0,0,0,0,0,0,0,0,0,0,0,0,0x0,nope,nope,CRank,nope,nope,nope,nope,nope,0x0,0x880bb96,0x880bfe7,0x880c3f7,FlierAvo,FlierDef,FlierRes,0x0
Revenant,0x2f2,0x33e,0x52,0x53,0x43,0x0,0x99,0x0,1,0,0,0,0,0,0,0,80,20,20,20,20,20,25,3,0,0,0,0,0,0,0,0,0,0,0,0,0,UseMonsterWeapons,nope,nope,nope,nope,nope,nope,nope,nope,0x88af560,0x880b849,0x880bc9a,0x880c0aa,GroundAvo,GroundDef,GroundRes,MonsterType
Entombed,0x2f3,0x33f,0x53,0x52,0x44,0x0,0x9a,0x0,1,0,0,0,0,0,0,0,80,25,22,21,24,22,25,1,0,0,0,0,0,0,0,0,0,0,0,0,0,UseMonsterWeapons|IsPromoted,nope,nope,nope,nope,nope,nope,nope,nope,0x88af56c,0x880b849,0x880bc9a,0x880c0aa,GroundAvo,GroundDef,GroundRes,MonsterType
Bonewalker,0x2f4,0x340,0x54,0x56,0x45,0x0,0x9b,0x0,1,0,0,0,0,0,0,0,80,20,20,20,20,20,25,3,0,0,0,0,0,0,0,0,0,0,0,0,0,SwordmasterUnlock,CRank,CRank,nope,nope,nope,nope,nope,nope,0x88af578,0x880b849,0x880bc9a,0x880c0aa,GroundAvo,GroundDef,GroundRes,MonsterType
Bonewalker (Bow),0x2f4,0x340,0x55,0x57,0x46,0x0,0x9b,0x0,1,0,0,0,0,0,0,0,80,20,20,20,20,20,25,3,0,0,0,0,0,0,0,0,0,0,0,0,0,0x0,nope,nope,nope,CRank,nope,nope,nope,nope,0x88af588,0x880b849,0x880bc9a,0x880c0aa,GroundAvo,GroundDef,GroundRes,MonsterType
Wight,0x2f5,0x341,0x56,0x54,0x47,0x0,0x9c,0x0,1,0,0,0,0,0,0,0,80,24,28,26,22,23,25,3,0,0,0,0,0,0,0,0,0,0,0,0,0,SwordmasterUnlock|IsPromoted,ARank,ARank,nope,nope,nope,nope,nope,nope,0x88af594,0x880b849,0x880bc9a,0x880c0aa,GroundAvo,GroundDef,GroundRes,MonsterType
Wight (Bow),0x2f5,0x341,0x57,0x55,0x48,0x0,0x9c,0x0,1,0,0,0,0,0,0,0,80,25,30,28,25,23,25,3,0,0,0,0,0,0,0,0,0,0,0,0,0,IsPromoted,nope,nope,nope,ARank,nope,nope,nope,nope,0x88af5a4,0x880b849,0x880bc9a,0x880c0aa,GroundAvo,GroundDef,GroundRes,MonsterType
Bael,0x2f6,0x342,0x58,0x59,0x49,0x0,0x9d,0x0,1,0,0,0,0,0,0,0,80,30,28,26,26,22,25,3,0,0,0,0,0,0,0,0,0,0,0,0,0,UseMonsterWeapons,nope,nope,nope,nope,nope,nope,nope,nope,0x88af5b0,0x880b94d,0x880bd9e,0x880c1ae,GroundAvo,GroundDef,GroundRes,MonsterType
Elder Bael,0x2f7,0x343,0x59,0x58,0x4a,0x0,0x9e,0x0,1,0,0,0,0,0,0,0,80,30,28,26,26,22,25,3,0,0,0,0,0,0,0,0,0,0,0,0,0,UseMonsterWeapons|IsPromoted,nope,nope,nope,nope,nope,nope,nope,nope,0x88af5bc,0x880b94d,0x880bd9e,0x880c1ae,GroundAvo,GroundDef,GroundRes,MonsterType
Cyclops,0x2f8,0x344,0x5a,0x9,0x4b,0x0,0x9f,0x0,1,0,0,0,0,0,0,0,80,29,29,28,30,25,25,3,0,0,0,0,0,0,0,0,0,0,0,0,0,IsPromoted,nope,nope,ARank,nope,nope,nope,nope,nope,0x88af5c8,0x880b8cb,0x880bd1c,0x880c12c,GroundAvo,GroundDef,GroundRes,MonsterType
Mauthe Doog,0x2f9,0x345,0x5b,0x5c,0x4c,0x0,0xa0,0x0,1,0,0,0,0,0,0,0,80,20,20,20,20,20,25,3,0,0,0,0,0,0,0,0,0,0,0,0,0,UseMonsterWeapons,nope,nope,nope,nope,nope,nope,nope,nope,0x88af5e0,0x880bb14,0x880bf65,0x880c375,GroundAvo,GroundDef,GroundRes,MonsterType
Gwyllgi,0x2fa,0x346,0x5c,0x5b,0x4d,0x0,0xa1,0x0,1,0,0,0,0,0,0,0,80,24,29,30,22,23,25,3,0,0,0,0,0,0,0,0,0,0,0,0,0,UseMonsterWeapons|IsPromoted,nope,nope,nope,nope,nope,nope,nope,nope,0x88af5ec,0x880bb55,0x880bfa6,0x880c3b6,GroundAvo,GroundDef,GroundRes,MonsterType
Tarvos,0x2fb,0x347,0x5d,0x5e,0x4e,0x0,0xa2,0x0,1,0,0,0,0,0,0,0,80,20,20,20,20,20,25,3,0,0,0,0,0,0,0,0,0,0,0,0,0,0x0,nope,nope,CRank,nope,nope,nope,nope,nope,0x88af5f8,0x880bb14,0x880bf65,0x880c375,GroundAvo,GroundDef,GroundRes,MonsterType
Maelduin,0x2fc,0x348,0x5e,0x5d,0x4f,0x0,0xa3,0x0,1,0,0,0,0,0,0,0,80,25,26,24,25,25,25,3,0,0,0,0,0,0,0,0,0,0,0,0,0,IsPromoted,nope,nope,ARank,ARank,nope,nope,nope,nope,0x88af610,0x880bb55,0x880bfa6,0x880c3b6,GroundAvo,GroundDef,GroundRes,MonsterType
Mogall,0x2fd,0x349,0x5f,0x60,0x50,0x0,0xa4,0x0,1,0,0,0,0,0,0,0,80,20,20,20,20,20,25,3,0,0,0,0,0,0,0,0,0,0,0,0,0,UseMonsterWeapons,nope,nope,nope,nope,nope,nope,nope,CRank,0x88af62c,0x880bb96,0x880bfe7,0x880c3f7,FlierAvo,FlierDef,FlierRes,MonsterType
Arch Mogall,0x2fe,0x34a,0x60,0x5f,0x51,0x0,0xa5,0x0,1,0,0,0,0,0,0,0,80,29,26,26,20,29,25,3,0,0,0,0,0,0,0,0,0,0,0,0,0,UseMonsterWeapons|IsPromoted,nope,nope,nope,nope,nope,nope,nope,ARank,0x88af640,0x880bb96,0x880bfe7,0x880c3f7,FlierAvo,FlierDef,FlierRes,MonsterType
Gorgon,0x2ff,0x34b,0x61,0x5f,0x52,0x0,0xa6,0x0,1,0,0,0,0,0,0,0,80,29,26,26,21,28,25,3,0,0,0,0,0,0,0,0,0,0,0,0,0,UseMonsterWeapons|IsPromoted,nope,nope,nope,nope,nope,nope,nope,ARank,0x88af654,0x880ba10,0x880be61,0x880c271,GroundAvo,GroundDef,GroundRes,MonsterType
Gorgon Egg,0x300,0x34c,0x62,0x0,0x53,0x0,0xa6,0x0,1,0,0,0,0,0,0,0,80,30,30,30,30,30,25,3,0,0,0,0,0,0,0,0,0,0,0,0,0,0x0,nope,nope,nope,nope,nope,nope,nope,nope,0x0,0x0,0x0,0x0,GroundAvo,GroundDef,GroundRes,MonsterType
Gargoyle,0x301,0x34d,0x63,0x64,0x54,0x0,0xa7,0x0,1,0,0,0,0,0,0,0,80,20,20,20,20,20,25,3,0,0,0,0,0,0,0,0,0,0,0,0,0,0x0,nope,CRank,nope,nope,nope,nope,nope,nope,0x88af668,0x880bb96,0x880bfe7,0x880c3f7,FlierAvo,FlierDef,FlierRes,MonsterType
Deathgoyle,0x302,0x34e,0x64,0x63,0x55,0x0,0xa8,0x0,1,0,0,0,0,0,0,0,80,27,25,23,28,22,25,3,0,0,0,0,0,0,0,0,0,0,0,0,0,IsPromoted,nope,ARank,nope,nope,nope,nope,nope,nope,0x88af674,0x880bb96,0x880bfe7,0x880c3f7,FlierAvo,FlierDef,FlierRes,MonsterType
Dracozombie,0x303,0x34f,0x65,0x1f,0x56,0x0,0xa9,0x0,1,0,0,0,0,0,0,0,80,50,50,50,50,50,25,3,0,0,0,0,0,0,0,0,0,0,0,0,0,UseMonsterWeapons|IsPromoted,nope,nope,nope,nope,nope,nope,nope,nope,0x88af680,0x880bb96,0x880bfe7,0x880c3f7,FlierAvo,FlierDef,FlierRes,MonsterType
Demon King,0x304,0x350,0x66,0x1f,0x57,0x0,0xaa,0x0,1,0,0,0,0,0,0,0,80,50,50,50,50,50,25,5,0,0,0,0,0,0,0,0,0,0,0,0,0,UseMonsterWeapons|IsPromoted,nope,nope,nope,nope,nope,nope,nope,nope,0x88af68c,0x880bbd7,0x880bbd7,0x880bbd7,GroundAvo,GroundDef,GroundRes,MonsterType
Archer on Ballista,0x0,0x0,0x67,0x0,0x58,0x0,0x0,0x0,1,0,0,0,0,0,0,0,80,0,0,0,0,0,0,3,0,0,0,0,0,0,0,0,0,0,0,0,0,0x0,nope,nope,nope,nope,nope,nope,nope,nope,0x0,0x0,0x0,0x0,GroundAvo,GroundDef,GroundRes,0x0
Archer on Iron Ballista,0x0,0x0,0x68,0x0,0x59,0x0,0x0,0x0,1,0,0,0,0,0,0,0,80,0,0,0,0,0,0,0,0,0,0,0,0,0,0,0,0,0,0,0,0,0x0,nope,nope,nope,nope,nope,nope,nope,nope,0x0,0x0,0x0,0x0,GroundAvo,GroundDef,GroundRes,0x0
Archer on Killer Ballista,0x0,0x0,0x69,0x0,0x5a,0x0,0x0,0x0,1,0,0,0,0,0,0,0,80,0,0,0,0,0,0,0,0,0,0,0,0,0,0,0,0,0,0,0,0,0x0,nope,nope,nope,nope,nope,nope,nope,nope,0x0,0x0,0x0,0x0,GroundAvo,GroundDef,GroundRes,0x0
Ballista,0x0,0x0,0x6a,0x0,0x5b,0x0,0x0,0x0,1,0,0,0,0,0,0,0,80,0,0,0,0,0,0,0,0,0,0,0,0,0,0,0,0,0,0,0,0,0x0,nope,nope,nope,nope,nope,nope,nope,nope,0x0,0x0,0x0,0x0,GroundAvo,GroundDef,GroundRes,0x0
Iron Ballista,0x0,0x0,0x6b,0x0,0x5c,0x0,0x0,0x0,1,0,0,0,0,0,0,0,80,0,0,0,0,0,0,0,0,0,0,0,0,0,0,0,0,0,0,0,0,0x0,nope,nope,nope,nope,nope,nope,nope,nope,0x0,0x0,0x0,0x0,GroundAvo,GroundDef,GroundRes,0x0
Killer Ballista,0x0,0x0,0x6c,0x0,0x5d,0x0,0x0,0x0,1,0,0,0,0,0,0,0,80,0,0,0,0,0,0,0,0,0,0,0,0,0,0,0,0,0,0,0,0,0x0,nope,nope,nope,nope,nope,nope,nope,nope,0x0,0x0,0x0,0x0,GroundAvo,GroundDef,GroundRes,0x0
Civilian,0x305,0x351,0x6d,0x0,0x5e,0x1,0x5e,0x0,1,0,0,0,0,0,0,0,80,20,20,20,20,20,25,1,0,0,0,0,0,0,0,0,0,0,0,0,0,0x0,nope,nope,nope,nope,nope,nope,nope,nope,0x0,0x880ba51,0x880bea2,0x880c2b2,GroundAvo,GroundDef,GroundRes,0x0
Civilian (F),0x305,0x351,0x6e,0x0,0x5f,0x1,0x63,0x0,1,0,0,0,0,0,0,0,80,20,20,20,20,20,25,1,0,0,0,0,0,0,0,0,0,0,0,0,0,0x0,nope,nope,nope,nope,nope,nope,nope,nope,0x0,0x880ba51,0x880bea2,0x880c2b2,GroundAvo,GroundDef,GroundRes,0x0
Civilian,0x305,0x351,0x6f,0x0,0x60,0x1,0x59,0x0,1,0,0,0,0,0,0,0,80,20,20,20,20,20,25,1,0,0,0,0,0,0,0,0,0,0,0,0,0,0x0,nope,nope,nope,nope,nope,nope,nope,nope,0x0,0x880ba51,0x880bea2,0x880c2b2,GroundAvo,GroundDef,GroundRes,0x0
Civilian (F),0x305,0x351,0x70,0x0,0x61,0x1,0x62,0x0,1,0,0,0,0,0,0,0,80,20,20,20,20,20,25,1,0,0,0,0,0,0,0,0,0,0,0,0,0,0x0,nope,nope,nope,nope,nope,nope,nope,nope,0x0,0x880ba51,0x880bea2,0x880c2b2,GroundAvo,GroundDef,GroundRes,0x0
Civilian,0x305,0x351,0x71,0x0,0x60,0x1,0x5c,0x0,1,0,0,0,0,0,0,0,80,20,20,20,20,20,25,1,0,0,0,0,0,0,0,0,0,0,0,0,0,0x0,nope,nope,nope,nope,nope,nope,nope,nope,0x0,0x880ba51,0x880bea2,0x880c2b2,GroundAvo,GroundDef,GroundRes,0x0
Civilian (F),0x305,0x351,0x72,0x0,0x61,0x1,0x61,0x0,1,0,0,0,0,0,0,0,80,20,20,20,20,20,25,1,0,0,0,0,0,0,0,0,0,0,0,0,0,0x0,nope,nope,nope,nope,nope,nope,nope,nope,0x0,0x880ba51,0x880bea2,0x880c2b2,GroundAvo,GroundDef,GroundRes,0x0
Peer,0x0,0x0,0x73,0x0,0x62,0x1,0x1,0x0,1,0,0,0,0,0,0,0,80,20,20,20,20,20,25,1,0,0,0,0,0,0,0,0,0,0,0,0,0,0x0,nope,nope,nope,nope,nope,nope,nope,nope,0x0,0x880ba51,0x880bea2,0x880c2b2,GroundAvo,GroundDef,GroundRes,0x0
Queen,0x307,0x353,0x74,0x0,0x63,0x1,0x1,0x0,1,0,0,0,0,0,0,0,80,20,20,20,20,20,25,1,0,0,0,0,0,0,0,0,0,0,0,0,0,0x0,nope,nope,nope,nope,nope,nope,nope,nope,0x0,0x880ba51,0x880bea2,0x880c2b2,GroundAvo,GroundDef,GroundRes,0x0
Prince,0x0,0x0,0x75,0x0,0x64,0x1,0x1,0x0,1,0,0,0,0,0,0,0,80,20,20,20,20,20,25,1,0,0,0,0,0,0,0,0,0,0,0,0,0,0x0,nope,nope,nope,nope,nope,nope,nope,nope,0x0,0x880ba51,0x880bea2,0x880c2b2,GroundAvo,GroundDef,GroundRes,0x0
Queen,0x307,0x353,0x76,0x0,0x65,0x1,0x1,0x0,1,0,0,0,0,0,0,0,80,20,20,20,20,20,25,1,0,0,0,0,0,0,0,0,0,0,0,0,0,0x0,nope,nope,nope,nope,nope,nope,nope,nope,0x0,0x880ba51,0x880bea2,0x880c2b2,GroundAvo,GroundDef,GroundRes,0x0
(empty),0x0,0x0,0x77,0x0,0x66,0x0,0x0,0x0,1,0,0,0,0,0,0,0,0,0,0,0,0,0,0,0,0,0,0,0,0,0,0,0,0,0,0,0,0,0x0,nope,nope,nope,nope,nope,nope,nope,nope,0x0,0x0,0x0,0x0,GroundAvo,GroundDef,GroundRes,0x0
Fallen Prince,0x0,0x0,0x78,0x0,0x67,0x1,0x1,0x0,1,0,0,0,0,0,0,0,80,20,20,20,20,20,25,1,0,0,0,0,0,0,0,0,0,0,0,0,0,0x0,nope,nope,nope,nope,nope,nope,nope,nope,0x0,0x880ba51,0x880bea2,0x880c2b2,GroundAvo,GroundDef,GroundRes,0x0
Tent,0x0,0x0,0x79,0x0,0x68,0x1,0x1,0x0,1,0,0,0,0,0,0,0,80,20,20,20,20,20,25,1,0,0,0,0,0,0,0,0,0,0,0,0,0,CannotControl|IsSupply,nope,nope,nope,nope,nope,nope,nope,nope,0x0,0x880ba51,0x880bea2,0x880c2b2,GroundAvo,GroundDef,GroundRes,0x0
Pontifex,0x306,0x352,0x7a,0x0,0x69,0x1,0x1,0x0,1,0,0,0,0,0,0,0,80,20,20,20,20,20,25,1,0,0,0,0,0,0,0,0,0,0,0,0,0,0x0,nope,nope,nope,nope,nope,nope,nope,nope,0x0,0x880ba51,0x880bea2,0x880c2b2,GroundAvo,GroundDef,GroundRes,0x0
Dead Peer,0x0,0x0,0x7b,0x0,0x6a,0x1,0x1,0x0,1,0,0,0,0,0,0,0,80,20,20,20,20,20,25,1,0,0,0,0,0,0,0,0,0,0,0,0,0,0x0,nope,nope,nope,nope,nope,nope,nope,nope,0x0,0x880ba51,0x880bea2,0x880c2b2,GroundAvo,GroundDef,GroundRes,0x0
Cyclops,0x2f8,0x344,0x7c,0x9,0x4b,0x0,0x9f,0x0,1,0,0,0,0,0,0,0,80,29,29,28,30,25,25,3,0,0,0,0,0,0,0,0,0,0,0,0,0,IsPromoted,nope,nope,SRank,nope,nope,nope,nope,nope,0x88af6a4,0x880b8cb,0x880bd1c,0x880c12c,GroundAvo,GroundDef,GroundRes,MonsterType
Elder Bael,0x2f7,0x343,0x7d,0x58,0x4a,0x0,0x9e,0x0,1,0,0,0,0,0,0,0,80,30,28,26,26,22,25,3,0,0,0,0,0,0,0,0,0,0,0,0,0,UseMonsterWeapons|IsPromoted,nope,nope,nope,nope,nope,nope,nope,nope,0x88af6bc,0x880b94d,0x880bd9e,0x880c1ae,GroundAvo,GroundDef,GroundRes,MonsterType
Journeyman (2),0x2d8,0x324,0x7e,0x38,0x2d,0x0,0x74,0x27,1,0,0,0,0,0,0,0,80,20,20,20,20,20,25,3,0,0,0,0,0,0,0,2,0,2,0,2,2,0x0,nope,nope,DRank,nope,nope,nope,nope,nope,0x88af6c8,0x880b8cb,0x880bd1c,0x880c12c,GroundAvo,GroundDef,GroundRes,0x0
Pupil (2),0x2d9,0x325,0x7f,0x39,0x2e,0x0,0x7c,0x29,1,0,0,0,0,0,0,0,80,20,20,20,20,20,25,3,0,0,0,0,0,0,0,2,1,1,0,2,2,0x0,nope,nope,nope,nope,nope,DRank,nope,nope,0x88af6e0,0x880ba10,0x880be61,0x880c271,GroundAvo,GroundDef,GroundRes,0x0
